id,vehicle_id,reminder_id
7,LH 27 HN GP,V69OVaw4fq
8,LH 27 HN GP,By9Y4aeK0p
9,LH 27 HN GP,DKFkKXWjd5
10,LH 27 HN GP,Q9RRWd2jZo
11,LH 27 HN GP,tkws7eaLK2
12,LH 27 HN GP,jMpPZfYwvm
19,LH 22 YY GP -LJ 74BX GP,LmzMfBCzii
20,LH 22 YY GP -LJ 74BX GP,a21NucVaXE
21,LH 22 YY GP -LJ 74BX GP,g5ERF5G6qa
22,LH 22 YY GP -LJ 74BX GP,Btb1aqzL6l
23,LH 22 YY GP -LJ 74BX GP,6Fnl5pBVTX
24,LH 22 YY GP -LJ 74BX GP,cXAqfnzvHQ
25,KR 45 CK GP-XSP 762 GP,PE9OYkLEKl
26,KR 45 CK GP-XSP 762 GP,9GeiEp05p6
27,KR 45 CK GP-XSP 762 GP,pl3UrvDpkN
28,KR 45 CK GP-XSP 762 GP,UMNUxbvqnA
29,KR 45 CK GP-XSP 762 GP,9BSBxoQVl1
30,KR 45 CK GP-XSP 762 GP,udU8OO4AxC
31,CL 74 RM GP,JU8okPD3GA
32,CL 74 RM GP,rBJ6f4UuMo
33,CL 74 RM GP,PpKUMb8D7d
34,CL 74 RM GP,KSea5CehOs
35,CL 74 RM GP,b64GHb0PuK
36,CL 74 RM GP,tCqW45ybhy
37,KJ 84 KG GP,8kwPoFpywr
38,KJ 84 KG GP,iDRB37uG5V
39,KJ 84 KG GP,jwHBcYlukb
40,KJ 84 KG GP,PApIUvb9aO
41,KJ 84 KG GP,bhFI2GmOQq
42,KJ 84 KG GP,aDqtP90iuW
43,LR 10 LP GP,UCieZwCJ2R
44,LR 10 LP GP,swzQBQSV4V
45,LR 10 LP GP,TuTNDHQ1Kc
46,LR 10 LP GP,uwQxplJxcN
47,LR 10 LP GP,UuZRKnMTb1
48,LR 10 LP GP,A1BGLwzEzC
49,HT 61 YR GP,bHcSHLwxyb
50,HT 61 YR GP,AFiR4s4ihu
51,HT 61 YR GP,UZi09FmrSs
52,HT 61 YR GP,7VIM1OFOkS
53,HT 61 YR GP,mq653hZuNI
54,HT 61 YR GP,DmiBhSGlGj
55,XSP 762 GP,9KJzvjELuF
56,XSP 762 GP,jEuCUAYC4C
57,XSP 762 GP,ELrq6mzm1v
58,XSP 762 GP,foncoSbocT
59,XSP 762 GP,jooOt4cJdA
60,XSP 762 GP,SrxBlEzyLx
67,LJ 74BX GP Trailer,2Rff7fPIDw
68,LJ 74BX GP Trailer,hFWtJVlkZ5
69,LJ 74BX GP Trailer,o7IsycJ5cF
70,LJ 74BX GP Trailer,owhsbH43Nl
71,LJ 74BX GP Trailer,uuTcldBt5E
72,LJ 74BX GP Trailer,gOW0e6aEhj
