id,invoice_id,service_id
1,ML001,000002
2,ML001,000004
3,ML006,000005
4,ML011,000009
5,ML011,000008
6,ML011,000010
7,ML012,000011
8,ML017,000012
9,ML018,000014
10,ML018,000013
11,ML019,000015
12,ML019,000016
13,ML023,000017
14,ML023,000018
15,ML023,000019
16,ML023,000021
17,ML018,000022
19,ML026,000024
20,ML027,000028
21,ML027,000027
22,ML027,000025
23,ML027,000026
24,ML034,000029
25,ML035,000030
26,ML036,000029
27,ML039,000031
28,ML039,000032
29,ML048,new
30,ML048,try
31,ML048,vid
32,ML005,nXqtMucwrw
33,ML027,VZuWNW3Nar
34,ML00078,E2ETW3oLek
35,ML00079,cMUhWgv50T
36,ML076,MbksidyBkV
37,ML00080,GiJAhH2Y2x
38,ML00082,A80r8p5q6v
39,ML00082,rpdsMXqgQK
40,ML00084,SHylgOwkpg
41,ML00085,163XWx5gHK
42,ML00085,c5Ppg5fevJ
43,ML00087,l4GGWRFseC
44,ML00087,6HxCFvAX4q
45,ML00088,r4xZ6oqLrd
46,ML00088,MPqmw1TgEE
47,ML00092,FrKIsR2OLT
48,ML00093,YvX2IzPxN6
53,ML00096,OrkSTReVVc
55,ML00104,Fn2XDgpYbt
56,ML00105,ymySizA0vA
57,ML00105,6IOVu8wiqF
58,ML00110,Wjzovo8Fa2
59,ML00110,mauMsulMD6
60,ML00110,egTQ2uz6AJ
61,ML00110,fnozLSePWW
62,ML00092,dRaVFZYfON
63,ML00117,NupuV08tpc
64,ML00117,ppMzCFPKps
65,ML00117,4AlR2dDaX5
66,ML00119,GUgn8wVvnc
67,ML00120,9FWKSwImhn
68,ML00121,iNiYWBVVF5
69,ML00124,4DY9HWzC1U
70,ML00124,pQNHkdWO16
71,ML00125,nTNUQRgoaY
72,ML00127,R6RdmLCN4C
73,ML00127,E8WFKMEZfD
74,ML00128,ANra2M8pG7
75,ML00130,oY5dlyQN2v
76,ML00131,1i94TLlfN9
77,ML00132,5zBsFx8yS9
78,ML00135,S5rQ4kpS3C
79,ML00139,nPh99j55CS
80,ML048,jdmMdcesZE
81,ML00143,X4QFhOfbg1
82,ML00146,K2eu9kmwUy
83,ML00147,rHOqV5QgVy
84,ML00144,3GAxCUNIWX
85,ML00149,6BqQnddh7V
86,ML00150,MudSZZn3AX
87,ML00152,vr095TbRLY
88,ML00154,8ZlqO9NdZi
89,ML00138,oDAZ5VMFM6
90,ML00157,tE8gJ4JQcj
91,ML00157,F2opj5ZsAq
92,ML00157,ys85FfvXSK
93,ML00158,nhjOt1HHv4
94,ML00158,rGmOpGvVyS
95,ML00158,JLEndoT8QM
96,ML00160,MeVnV8BaeK
97,ML00163,C93oFMTYbn
98,ML00164,5I4NfIX3cM
99,ML00166,yvh2w0x7qS
100,ML00166,PTNsRjzM3Z
101,ML00166,siUXY3FBCQ
102,ML00167,BaJ9e5xoC1
103,ML00167,NvNakC8uyp
104,ML00167,RZvc9A1Ili
105,ML00170,oqGrSBzSRD
106,ML00170,EF9hkbcPZz
107,ML00170,HBn1zn9LHS
108,ML00171,efSRRjSWFQ
109,ML00173,gGU2pwtlrd
110,ML00176,CdM7Id7dJH
111,ML00176,sXdE7robx6
112,ML00176,Qszs3TtzzH
113,ML00177,sXdE7robx6
114,ML00177,CdM7Id7dJH
115,ML00177,Qszs3TtzzH
116,ML00179,oEDMhLt8Z2
117,ML00181,SrKUeiccHX
118,ML00182,zbrc0LpVzD
119,ML00098,1WMrRNlcBn
120,ML00188,nVcgBCtWew
121,ML00189,dkTUm4vjJZ
122,ML00191,Q2KKrMTQRL
123,ML00191,2fMz00GHWN
124,ML00191,ylp1Wtu2Eu
125,ML00191,lnwXKF1iNK
126,ML00192,TPQc7uLE8Q
127,ML00192,Eq12CQLut5
128,ML00192,y2NT5JIcCn
129,ML00192,RgphV8eXxv
130,ML00194,Ih93sXRVqg
131,ML00194,5q24JOwMe6
132,ML00194,vWqoIRh5qG
133,ML00194,NC2XfgBPMj
134,ML00198,7oxhktV7OP
135,ML00199,8phDzYOt9h
136,ML00207,jfggoLXjeM
137,ML00219,DJyI005VIt
138,ML00220,ZC66km3KTC
139,ML00220,aLjQbOHq8M
140,ML00171,w06SmfGjoO
141,ML00222,XYm17jbYIn
142,ML00224,iG5AD3MEjw
143,ML00227,zJPQ0VP6HO
144,ML00230,KpbqMTheaH
145,ML00230,A6VRCdJ1q4
146,ML00230,xCCkxCTVBL
147,ML00235,Z4QLMvK2Di
148,ML00229,mQDzrGtqpx
149,ML00240,gqweB7CsOO
150,ML00244,nlOVTyKiMC
151,ML00245,BSndryZ53a
152,ML00245,wxnpnM3trE
153,ML00245,bqYjenpQI9
154,ML00248,UtCyZRwJXx
155,ML00248,wmIwjqQWF8
156,ML00248,8U4dh36o22
157,ML00249,5JHo8GkI2Y
158,ML00249,DKVMwAIZXl
159,ML00249,sZClRyHr0v
160,ML00256,ul2pJ5hZXx
161,ML00256,0OJGBNULth
163,ML00256,JfIzYW1hAs
164,ML00256,60GTtR0GOF
165,ML00257,TRVD8VHTOz
166,ML00258,XkgTFOw0ix
167,ML00260,fgYFtcr74r
168,ML00262,AfHP70QoVj
169,ML00263,6bt29NqVmW
170,ML00263,fwl7t4QRKK
171,ML00263,0uIjVGK8pB
172,ML00263,yePLYW0tAh
173,ML00266,6dKsBiZv5f
174,ML00267,OzpAXiJ8s8
175,ML00270,lD45Wq8Zly
176,ML00270,reICXsHCw2
177,ML00272,E0UCwzflQR
178,ML00272,9qo5nM2ReU
179,ML00286,zOccOSdKf9
180,ML00287,ZWCjhirwZg
181,ML00287,pL4OXIIIjk
182,ML00288,8QfuC5fCNv
183,ML00288,qdX15YsrMV
184,ML00291,OXdJx193BB
185,ML00291,wiBR85XzOZ
186,ML00292,cyQEVpooRu
187,ML00292,Zv803PRHRh
190,ML00293,ghdTjkNpFV
191,ML00293,bNebyr5Av4
192,ML00299,THATw6JNNk
193,ML00300,tCG6W5xrbm
194,ML00302,cgY9Z4c77Q
195,ML00304,xaPwBG54w9
196,ML00311,AOqhjbO8iU
197,ML00312,ei7DaRYF7C
198,ML00314,k8e0oYIkVL
199,ML00314,lRsfQAJWCe
200,ML00319,VwUyCsYbEF
201,ML00323,by9WxgYJ5g
202,ML00327,PLHCjOKi5N
203,ML00333,TlYAhub7vm
204,ML00333,ZX47oBD0i9
205,ML00342,cbWAU8e3Tj
206,ML00342,qbkD4wFvC9
207,ML00342,KLjf3f0IhV
208,ML00349,6RUqxsbGVq
209,ML00351,OPKNB1Beox
210,ML00351,KdTc5yg6v3
211,ML00359,rUVU8099Lb
212,ML00361,gVUpNex6cX
213,ML00362,848ToRuAal
214,ML00379,gAEcrYwe0t
215,ML00379,YcM4495kr7
216,ML00380,jphIqPNbJm
217,ML00383,3Xa040nIs3
218,ML00383,6vEvi5Aqcm
219,ML00387,bd0Ndxh2WW
220,ML00388,v5klXUxKu2
221,ML00388,2PWH7vjWMY
222,ML00263,jGM779AOBp
223,ML00394,AqqRjSdTei
224,ML00398,jhCrE2uumq
225,ML00398,WVdZBWMJ8I
226,ML00399,YUrhJJs56k
227,ML00399,naJYaMaR8c
228,ML00401,Lz7cIkAyZZ
229,ML00401,yQHohxmzGv
230,ML00359,45h8Mt9WqX
231,ML00404,mvFcFuBAd5
232,ML00408,FxQwxHtgKb
233,ML00409,9KQu1piSIn
234,ML00409,dMTI0bT2dW
235,ML00409,2Q0sL2yUYq
236,ML00411,P6SsD0al68
237,ML00411,K1kSYc6URo
238,ML00413,EGjTmDFlZG
239,ML00355,7gF4MPwoo5
240,ML00354,3M6kkIGXUe
241,ML00361,uC9RUmFuAR
242,ML00361,Vt44eyFHJr
243,ML00419,QmJ4zF6l8S
244,ML00419,1QnVZ7U7Y2
245,ML00420,IW8OZ4EnCq
246,ML00421,Fphmud6WqV
247,ML00422,jQLtVpaJBq
248,ML00422,HGnsXItIWy
249,ML00422,j9lJM9mUVq
250,ML00366,sQ6hI3MREt
251,ML00425,7obHVjQtdM
252,ML00427,MyQ73PDNvt
253,ML00429,RUC4Wtm1iy
254,ML00429,5zy2ScAvXn
255,ML00431,mqbudovBd7
256,ML00438,P0JvySbprK
257,ML455,Awa5FNkr2G
258,ML455,ucgn27SDQg
259,ML455,ybuy21E7qR
260,ML455,Ossqne1BB8
261,ML0456,RrA0vz7zB6
262,ML0456,vV4jdL42Eh
263,ML0456,Kk9wZIz4gF
264,ML0456,ZqHGTYB6Wq
265,ML0457,RZVREdHdFH
266,ML0457,3OaSSjPCd3
267,ML0457,OyYLtOsQc6
268,ML0459,nKN8GMobUO
269,ML0459,LVLMAKuIxX
270,ML0459,1nchwlCiap
271,ML0462,qYNmmexan5
273,ML0469,gmlE1M3ULF
274,ML0469,h39JJejU83
275,ML0470,JWNbSHeYQw
276,ML0471,Jdy2eFyr93
277,ML0473,FZe7XE7QKH
278,ML0473,waZFbcjxXw
279,ML0473,JGJY3GQ2c3
280,ML0473,VPjJGufuO7
281,ML0488,JmalpdKzgc
282,ML0488,MaJByRwpMF
283,ML0488,b2oWij8Yku
284,ML0491,Mw1TvgDNhx
285,ML0494,70l0z5e8WZ
286,ML0494,7vzfGOdJOv
287,ML0494,t61l5x925a
288,ML0496,ErsZqOYrDU
289,ML00224,Apw45ruZp1
290,ML0502,QFTJXUa8LL
291,ML0505,wrE6OJmq4H
293,ML0508,zaPiSJUbUv
294,ML0510,ATTQWGySCL
295,ML0510,rUTPvch9Os
296,ML0514,ECn8n2enWM
297,ML0514,i1qhui5Lok
298,ML0514,U4w14MUtBb
299,ML0514,EVSvssL8AP
300,ML0515,FycPVpUoT3
301,ML0515,d4GzDYFMAs
302,ML0515,4fmaEHHNyF
303,ML0520,0381m3kbXW
304,ML0520,jXNOSqDmxb
305,ML0526,8TidiAT83D
306,ML0529,c0CULvz7BQ
307,ML0529,KrV43gV1sB
308,ML0529,CXRkcQIxDC
309,ML0530,yjZRiOhRBe
310,ML0530,oR2YZiYOuT
311,ML0530,6VYX5Vh9sk
312,ML0530,hWYOCfAx7r
313,ML0533,mepNQnKWcs
314,ML0534,1mROliK7nm
315,ML0537,1RzLUY9WeE
316,ML0537,SsCKhO0Izh
317,ML0537,FHMVtZ61y5
318,ML0540,os0GRJnHCm
319,ML0541,QdGeWpwbth
320,ML0541,1mt6OtfswF
321,ML0543,hKbDyvJwmk
322,ML0545,ET3fOGHGph
323,ML0546,Pwk0LkWLCD
324,ML0546,I16VVKPLP4
325,ML0546,QUxHA3bucl
326,ML0546,NfaiYKGThz
327,ML0548,JAyN3ugGb2
328,ML0549,uB7eagkfwH
329,ML0550,LGd6aOF8LO
330,ML0550,XmpW9ghKsU
331,ML0550,tzuIb4wqHZ
332,ML0551,rGc8TK1HOg
333,ML0551,6my6AApTzS
334,ML0552,nNK0ZxToLX
335,ML0559,YMNILPuDX3
336,ML0559,pZjxaPhVsg
337,ML0566,uZR37Lw3ff
338,ML0566,craQE7zD9P
339,ML0566,pPe3erERbn
340,ML0566,TuuhsfGPeG
341,ML0568,OYQ2ILZNWY
342,ML0568,7yCig8YZ3a
343,ML0568,PzEIXl5EVz
344,ML0569,tK9qLtYEOF
345,ML0569,FBMX4HO8T6
346,ML0569,EiOFDFHODi
347,ML0569,azz3CLWcqt
348,ML0570,LO5hG8Sn5P
349,ML0570,Sfoo9uWdE1
350,ML0570,XsE1J1XVqs
351,ML0491,rnAIMLIbJ8
352,ML0491,2M59IhFSJX
353,ML0572,6zFWYKsJ8W
354,ML0572,kvoUSHmG5t
355,ML0572,M5BevxpJX3
356,ML0572,lkM1RXnaab
357,ML0573,66cTJtfUqp
358,ML0577,2kDbBakT1q
359,ML0577,En1ybwTEzJ
360,ML0578,wHwDhTMeOT
361,ML0579,bRSzvrSVpu
362,ML0579,hWf1GhCzQ8
363,ML0580,1qZr9nwBJp
364,ML0580,EEsCt7SVaH
365,ML0581,kF8FD6yBp2
366,ML0581,UdUB16hlFj
367,ML0581,l1krWwwfzu
368,ML0582,QqBAlLAHdq
369,ML0582,ysofyEOW9Z
370,ML0582,ie4PBGs7W0
371,ML0582,uKMgFY15Hk
372,ML0583,KHiekXmdyS
373,ML0583,2XWkDVynC3
374,ML0586,2seAwHu8VH
375,ML0586,WJABn1ONBD
376,ML0586,d7HdfZKBfN
377,ML0587,hsVEYShFVr
378,ML0587,NG2PLUQWlC
379,ML0588,c9YE47pP6N
380,ML0589,h2FGwDNBKp
381,ML0593,CAODQ3b0iX
382,ML0593,ZJj4Q29A29
383,ML0593,8wSOhP3mYL
384,ML0594,LrXoEsqTSU
385,ML0594,ShDA6QtMYD
386,ML0595,gTz5nYlvgS
387,ML0598,DEcl80CfxQ
388,ML0598,RwT6zZaP0o
389,ML0598,STNNCukABk
390,ML0598,43PVNnBAIB
391,ML0503,PXH5uEBi55
392,ML0502,sZtIPxJcA5
393,ML0502,8RJ6HYF1GZ
394,ML0606,CZNroPvaLZ
395,ML0606,UdTdvsKBZB
396,ML0606,Ytrb2Phnu4
397,ML0501,HDsn6qDIx9
398,ML0607,eJRr8n6TgU
399,ML0506,QBRBvqZ83j
400,ML0510,MYmxSp0Crf
401,ML0510,mCs3g8GsNT
402,ML0576,Gv7Ir1sc8h
403,ML0608,1RkEEyLr8k
404,ML0609,2pHO9nCb2F
405,ML0609,dVuqUxOZaX
407,ML0615,jq2DKOB6l6
408,ML0619,uvEUnP5nsI
409,ML0620,J7n8As5lib
410,ML0623,c5SZ8OZRMA
411,ML0624,ugXi5PQpeM
412,ML0625,zR46pWs8Y9
413,ML0625,GlVddUUaUl
414,ML0627,MkvpYrYsz8
415,ML0627,mcZsr1NqFD
416,ML0627,ZaHkWCH1Uh
417,ML0516,PbPh1LJtaY
418,ML0630,6LkoVJ3M1Q
419,ML0556,HsTlTQHISk
420,ML0632,TamytgCl4Z
421,ML0632,3i2gmPc6XK
422,ML0632,QKoqFMZlUC
423,ML0633,98rEERirwt
424,ML0633,bv2OWFWzMW
425,ML0633,88AWO91kwY
426,ML0633,gvo3ImJlaW
